{
  "points": {
    "882992484320415754": 82,
    "1247144472769466429": 262
  },
  "warnings": {
    "1391475431005487225_1247144472769466429": [
      {
        "id": 1,
        "moderator_id": 1247144472769466429,
        "reason": "a",
        "timestamp": "2025-07-28T13:01:13.051430"
      }
    ],
    "1391475431005487225_882992484320415754": [
      {
        "id": 1,
        "moderator_id": 1247144472769466429,
        "reason": ":7.?;:@-?/",
        "timestamp": "2025-07-28T13:25:34.013617"
      }
    ]
  },
  "tickets": {
    "1": {
      "id": 1,
      "user_id": 1247144472769466429,
      "guild_id": 1391475431005487225,
      "type": "kick_mod",
      "channel_id": 1399371384710369301,
      "created_at": "2025-07-28T12:42:17.039847",
      "claimed_by": null,
      "status": "closed"
    },
    "2": {
      "id": 2,
      "user_id": 1247144472769466429,
      "guild_id": 1391475431005487225,
      "type": "support",
      "channel_id": 1399371847576981639,
      "created_at": "2025-07-28T12:44:07.320063",
      "claimed_by": 1247144472769466429,
      "status": "closed"
    },
    "3": {
      "id": 3,
      "user_id": 1247144472769466429,
      "guild_id": 1391475431005487225,
      "type": "event",
      "channel_id": 1399372451779186789,
      "created_at": "2025-07-28T12:46:31.372414",
      "claimed_by": null,
      "status": "open"
    },
    "4": {
      "id": 4,
      "user_id": 882992484320415754,
      "guild_id": 1391475431005487225,
      "type": "admin",
      "channel_id": 1399375647088050187,
      "created_at": "2025-07-28T12:59:13.228857",
      "claimed_by": 1247144472769466429,
      "status": "closed"
    },
    "5": {
      "id": 5,
      "user_id": 882992484320415754,
      "guild_id": 1391475431005487225,
      "type": "admin",
      "channel_id": 1399380955348861099,
      "created_at": "2025-07-28T13:20:18.961162",
      "claimed_by": null,
      "status": "closed"
    },
    "6": {
      "id": 6,
      "user_id": 882992484320415754,
      "guild_id": 1391475431005487225,
      "type": "admin",
      "channel_id": 1399384393012871269,
      "created_at": "2025-07-28T13:33:58.449253",
      "claimed_by": null,
      "status": "closed"
    },
    "7": {
      "id": 7,
      "user_id": 882992484320415754,
      "guild_id": 1391475431005487225,
      "type": "store",
      "channel_id": 1399384522780577882,
      "created_at": "2025-07-28T13:34:29.348459",
      "claimed_by": null,
      "status": "closed"
    },
    "8": {
      "id": 8,
      "user_id": 882992484320415754,
      "guild_id": 1391475431005487225,
      "type": "store",
      "channel_id": 1399384650320973866,
      "created_at": "2025-07-28T13:34:59.875416",
      "claimed_by": null,
      "status": "closed"
    },
    "9": {
      "id": 9,
      "user_id": 882992484320415754,
      "guild_id": 1391475431005487225,
      "type": "support",
      "channel_id": 1399384739932012669,
      "created_at": "2025-07-28T13:35:21.176756",
      "claimed_by": null,
      "status": "closed"
    },
    "10": {
      "id": 10,
      "user_id": 1104032696633655356,
      "guild_id": 1391475431005487225,
      "type": "support",
      "channel_id": 1399411478372552746,
      "created_at": "2025-07-28T15:21:36.070725",
      "claimed_by": 1247144472769466429,
      "status": "closed"
    }
  },
  "applications": {},
  "rules": {},
  "ticket_counter": 10
}